flightDate_month_day,is_weekend,is_public_holiday,days_from_summer_start,day_of_month,1 days to departure,2 days to departure,3 days to departure,4 days to departure,5 days to departure,6 days to departure,7 days to departure,8 days to departure,9 days to departure,10 days to departure,11 days to departure,12 days to departure,13 days to departure,14 days to departure,15 days to departure,16 days to departure,17 days to departure,18 days to departure,19 days to departure,20 days to departure,21 days to departure,22 days to departure,23 days to departure,24 days to departure,25 days to departure,26 days to departure,27 days to departure,28 days to departure,29 days to departure,30 days to departure,31 days to departure,32 days to departure,33 days to departure,34 days to departure,35 days to departure,36 days to departure,37 days to departure,38 days to departure,39 days to departure,40 days to departure,41 days to departure,42 days to departure,43 days to departure,44 days to departure,45 days to departure,46 days to departure,47 days to departure,48 days to departure,49 days to departure,50 days to departure,51 days to departure,52 days to departure,53 days to departure,54 days to departure,55 days to departure,56 days to departure,57 days to departure,58 days to departure,59 days to departure,60 days to departure,flight_day_of_week,flight_month
07-02,0.08873845808892468,0.0,0.9761230389781714,0.17747691617784936,832.6721292249416,905.3574004901348,848.9781870587746,847.3588518939392,872.2199240093239,741.0589961096375,647.0914246810661,667.2073398325812,689.5092458476188,707.5050965263518,735.5283987575892,760.9109743878413,774.0507925696595,762.5229579831932,760.7905487760322,754.6971017172086,750.940754658385,738.6537981366461,710.3092391304348,657.0943130434782,608.1228330434782,559.2781997101449,516.1660133747413,509.9855917813052,515.1647305820106,515.1656402116403,510.5944280904281,516.522570947571,521.4962958152959,525.5156026936027,528.5804915824916,536.3039970370371,528.9735684656085,521.3677802414869,511.3119160439561,500.155919264568,488.7550293128772,482.91007624179366,478.10285829307577,472.4844537346711,469.25731661092533,466.55893887030845,464.3893205128205,462.347210989011,464.45624835164836,466.1640351648351,467.4705714285715,468.3758571428572,466.6372285714286,465.61108,465.2974114285715,465.69622285714286,468.140550046083,473.7783436968766,478.9167779825909,482.02023808841096,482.7626795698925,479.81106666666665,478.2485555555555,474.9874074074073,0.0739487150741039,0.04840279532123164
08-17,0.0,0.0,0.9582178781747641,0.2857842794556314,502.2397306397307,489.446985479798,487.0433778575226,465.36474674641147,458.2854058373206,435.8378086893705,410.139884776327,380.0300212285687,356.8477912285688,335.85409251062003,367.1287437711242,407.38691768416766,456.35225491613653,509.20300491613654,561.0345433776749,587.4448529014846,588.6605770394156,591.3400995958066,568.109544040251,553.2659150809749,522.9762484143083,527.2627464985995,518.8112580816111,527.6635636371666,503.36797322322326,489.4398991491492,463.13889121264117,436.50630820105823,409.02448677248674,413.1464497354497,408.04532380952384,404.82668095238097,403.9748333333333,404.8561116584565,399.33482960717447,404.565458178603,398.7368867500316,394.06905712040196,391.02907244607246,387.34891005291007,396.3577305236271,424.34400638569605,451.43543601532565,471.2612137931034,492.0098063856961,499.63698591497905,491.63584338624344,509.5370063492064,517.7899693121693,525.2378211640212,535.0233156695157,546.9463169515669,531.6880334757834,531.4736282051283,530.7567307692309,527.2870561450044,523.771649204244,520.2105099469496,518.4299403183023,516.603638373121,0.0056036133226594394,0.010697807252349839
06-10,0.0,0.0,-0.7388525606175759,0.6716841460159781,1153.874722222222,1285.7062083333335,1235.3576623188405,1400.9141281825966,1426.922384541063,1359.1966067632852,1164.382355782893,1087.504460130719,805.4507379084968,684.6707379084967,650.3914323529413,639.9997807692308,647.089241638796,623.3855692250029,598.0468886259084,576.8804498415127,559.5585221025851,543.9346750261233,568.5178474399163,592.1690994675822,614.456788251978,628.6187009079493,632.369218487395,632.6088655462185,625.6546568627451,611.9382352941177,598.2218137254902,584.5053921568627,570.7889705882353,557.0725490196079,549.2064705882352,547.5093431372549,538.7834047619048,534.1063954879249,544.3644543114543,541.3515793114544,541.6464511063261,553.3092709821025,560.6936701505017,552.6331516319832,551.5036666319832,530.9885827158993,507.5900961036335,485.8768355577278,465.6090314956012,446.7663914956012,440.40278543499505,435.78523788577013,431.9020616184891,429.2733841991342,427.52559387655367,425.0241647465438,422.0642269585254,419.6574677419355,417.80388709677425,416.87709677419355,416.87709677419355,416.87709677419355,416.87709677419355,416.87709677419355,0.04477894306773187,0.030531097546180823
08-10,0.0,0.0,0.9804833732406959,0.19609667464813918,442.04921148989905,438.84228740530307,443.64817278138526,425.65497790959046,415.30645707625706,414.48906530136526,400.5124956043956,383.59079274725275,396.02189428571427,404.0428942857143,414.51606095238094,412.1746133333333,420.34977333333336,414.01103333333333,396.02655714285714,364.45897619047616,377.54200082101806,380.7243184680769,378.53866846807693,391.29292960478966,408.43412960478963,408.18496740811025,410.6091078255675,424.7088578255675,428.8338728793309,428.5116910611491,449.0727550342132,448.21849696969696,443.24724696969696,457.8205303030303,475.1962121212121,476.47742424242426,481.8459090909091,505.00282575757575,536.9769242424243,541.3518242424243,561.1412285714285,567.7163062229437,580.774033495671,550.8190941017316,563.3716031926406,545.2271079545455,547.600855799373,527.0168993599791,531.6714751175548,520.1861955476625,517.1756364078776,516.438447275171,512.8454037145651,507.6955855327469,505.77230895290666,503.69194652406424,502.6117628119429,500.6071870543672,499.43572038770054,497.029929946524,495.1618122994652,497.299294154304,498.5218449656072,501.9604599541429,0.006536555821604639,0.012478879295790675
06-06,0.0,0.0,-0.9281094107931644,0.3712437643172658,546.3523174603175,547.2263534798535,549.0620505258182,543.7886496041593,535.4648409085072,541.7024599561262,546.1461009817672,552.92695142165,581.6380556400121,580.9070172768409,570.663441519265,559.3330647076708,545.2604283440344,513.066748856855,512.7933050065876,510.8490140974967,507.3330575757576,499.5937202020203,489.67124242424245,478.57386666666673,464.6634444444445,448.07766666666674,437.6909420138889,433.50327048611115,435.5146520833334,443.7250868055556,454.68386458333333,464.30518923611106,469.84901802884616,471.69432532051286,470.61289213085763,466.5545695502125,463.3303917724347,459.9756145841058,461.21156379045505,459.7487559086816,458.3046118226601,451.16470879235715,444.29438921258924,432.59335291915295,424.0641490581491,419.4902157248158,419.3823815002168,416.97900053552013,414.44523880010047,410.29624961091133,405.0359437285583,399.70364288822213,397.7235030385981,396.93035821031117,397.32420840336135,398.4011428571429,398.4011428571429,398.4011428571429,398.4011428571429,398.4011428571429,398.4011428571429,398.4011428571429,398.4011428571429,398.4011428571429,0.0,0.02812452759979286
07-13,0.0,0.0,0.8606572809653495,0.5085702114795247,424.22833701901817,424.6597662777771,417.87059079999943,411.8562264736238,457.505571011439,506.6034007328011,552.8837663925785,599.1472743290864,631.6524033613445,643.9265112044818,650.9544288515406,673.7802220779221,703.2881363636363,705.0913671328672,696.6503486143486,692.8145486143486,673.0348170126169,644.1760016280016,642.480270858771,654.1262279737806,655.0656490264122,642.7252109311742,637.2394784897026,641.9088832516072,623.485162603834,604.8254082178692,597.9955493943397,594.4761935167229,580.1633232375768,578.2475312147848,549.5184478814515,515.7107794322535,481.2291994995936,448.11432501683504,412.36241051948053,406.8120233766234,405.7804649350649,414.27208190476193,421.03001281385275,424.9783953246753,426.1172294372294,424.4465151515152,417.65007070707077,415.00183164983173,410.79431649831656,409.98502693602694,412.8449834577661,411.4721766944811,407.8495325720978,409.15332045088564,412.1417410004675,409.45060215053763,401.3819940782297,387.9359167835437,374.295713884993,358.74568302945306,348.3789957924264,343.19565217391306,343.19565217391306,343.19565217391306,0.013040261832808327,0.021338610271868168
07-18,0.0,0.0,0.8319327731092437,0.5546218487394958,438.47435078756916,431.3557630906769,428.1046104725416,414.89682475825583,424.46451058201063,450.4194206349206,481.10783730158727,495.7372490662932,512.6081382288547,536.6116971214515,567.2598384424961,568.0991140835216,582.7076333532984,589.0893686147001,588.414565277659,568.132813567004,593.9636812593116,614.6791576322363,624.8870881533281,624.4631474125874,623.4014441732979,603.2404397288535,590.9616989881127,594.4355964240101,591.0937217801355,604.4676419253261,609.2197054173896,609.0144554173896,608.179788750723,609.4702374686717,600.2871767399267,589.3454326923077,582.0659493589744,577.754616025641,576.1337426923077,542.7228635714287,516.1564885714286,489.5214385714286,458.7390385714286,431.37772857142863,433.5413333333333,434.20825,435.18875128205127,435.887056043956,435.33010699633695,433.5179041391942,430.4504474725275,427.1759595238095,424.2902214285714,420.8551395238095,424.64337154761904,423.1396115476191,422.1476815476191,421.6675815476191,423.6104625000001,417.4304714285714,417.66434285714286,417.14644761904765,416.38214285714287,413.85535714285714,0.0,0.01680672268907563
06-17,0.0,0.0,-0.22879526957959448,0.9723798957132765,1157.397588235294,1096.403880831643,1078.0037410289508,1026.3464357657929,992.3868828246165,935.1699828246165,879.0249511004783,799.6781718796992,719.6240271428571,630.7717271428571,589.4117871428573,578.1368076833977,578.8991574370923,576.3026666963515,574.6761666963515,578.3733980006994,584.0983774601589,584.6539600372913,592.0622659954234,602.3854659954234,600.7874659954234,592.9283973411791,583.8481192546584,576.0391254658385,564.0684082244592,564.3213294201114,567.2853396128173,564.5905238778275,560.0328518281382,558.4014721751075,553.0704665074056,543.1655155279502,537.0565341614908,532.404968115942,530.1780625412163,530.3758174373131,532.9982328042329,534.2536723646724,535.1807094017094,538.8405118708451,538.3121424501425,534.2428831908833,529.8991776205914,524.8636557350695,512.7542985922124,507.85751104642486,510.05905490607404,508.1547100784877,498.97324090398416,491.20937593730775,477.4976476459912,461.4430092259373,454.7748735195969,455.08788130602625,455.0826328273245,455.148910717791,451.14871792187404,444.73112949028337,440.63092799188644,437.19535496957405,0.03813254492993241,0.025999462452226643
07-16,0.03365283251981038,0.0,0.8413208129952595,0.5384453203169661,381.7782021435355,380.4562442002442,389.491055966256,391.2086845376846,402.47457751427316,399.85122675174597,415.1567680622873,430.7048251032855,462.6098251032855,501.65492468252813,544.5471717413517,564.5113210626187,576.3539912943477,580.6831579610143,607.9005414735591,635.8458748068925,647.8579101010101,658.7561544802868,653.7451878136201,622.5661593413979,599.3144135080645,590.8363554435484,580.7810106854838,578.56706875,579.518595,577.9304075,584.2602040260547,584.1229407684789,585.2689493706293,579.5871971125648,583.0088637792315,579.6042586510264,581.5824594086022,561.1064280360531,545.1106118092691,520.0734387685168,498.56834117186065,478.1268940193005,477.60917868338555,473.79588923719956,473.47462638051604,472.945713720762,469.11376664255283,461.97878514588865,451.5407692307693,442.06849084249086,432.4391233211233,426.4002771672772,427.9340987057387,435.7886525518926,441.65325716018754,450.3504155831266,461.2279019354839,471.5109557285874,474.27895504744646,470.08178290281387,458.9194392946896,446.051938697318,434.2169061302682,423.2585426422591,0.028044027099841985,0.018356090465351117
07-05,0.0,0.0,0.9410495826472367,0.3360891366597274,509.7447976933258,507.17516076999436,503.3290429017097,568.0513156289825,632.5266757417379,650.2826188311689,664.5686791759964,704.2207648902822,659.4114231974921,616.918367816092,621.8516178160919,626.5263074712644,614.6983509495253,619.8778112193903,615.4883038302278,614.4868743430483,615.4528743430483,614.2105641981207,607.2423871794872,603.7264240458466,591.7182701996928,574.0900201996927,537.6270799698078,507.71545189099,481.3816890804598,456.93722241379317,449.87347241379314,462.43414597701155,479.8054931034483,498.0383126436782,509.828625464191,514.7533130235453,512.8123753217408,504.0058123587779,494.9675997150997,484.46183689458684,475.60618933523267,467.00621592592597,459.6269122222222,450.1383233333334,447.0803288888889,443.592888888889,442.84866666666665,441.33900404040406,439.063901010101,436.0233575757576,433.649773939394,430.16492787878786,428.112482020202,427.49243636363633,428.3047909090909,409.061345974026,396.28290632034634,389.969471948052,390.12104285714287,388.3666243386243,407.1907671957672,420.8917195767196,426.93024470899473,425.948659611993,0.011202971221990913,0.03666426945378844
06-08,0.0,0.0,-0.8510782421527938,0.5237404567094116,1400.343530034549,1323.2914676722942,1279.4034417336316,1400.9141281825966,1429.1286948185216,1373.7160416713723,1278.4575351778656,1109.689484672815,997.516284672815,858.9603418156721,807.4374757287156,746.4566171428571,690.619794920635,638.8158949206348,617.1914377777778,585.0897505050505,601.0795181818182,580.8161181818183,562.6414790513834,542.672280850484,519.3771508518467,512.8726890554723,516.6707136431784,516.5854182908546,506.13854982508747,494.7827798563085,482.51810838451746,469.3445354097145,461.7511698924732,461.5813193177604,462.6529465579039,464.10301437152395,464.60156275862073,451.76899306165103,448.8991531601731,446.4691531601732,442.6737101972102,438.8725563510564,441.2901321086321,430.5151951338422,418.5471363103128,408.054275743864,399.66551782531195,393.0469117647059,394.9075630252101,392.6036863648685,389.3023821523449,384.3449739170507,376.8800083998093,368.48245125695223,364.6871867408232,362.32711448275865,361.4022344827587,362.764,362.764,362.764,362.764,362.764,362.764,362.764,0.021822519029558812,0.02975798049485293
08-20,0.015807240623708693,0.0,0.9484344374225215,0.31614481247417386,484.2426996870883,488.8737435153162,497.62324481225295,478.416629680674,471.9779781655225,468.29326933811797,467.7244498936736,461.8078773130284,460.65586327794074,463.34938411127405,468.4098689597589,460.6614562613462,452.14039953164655,464.4953947697418,491.41697197562405,508.67322825268036,525.2379129817444,540.0067405679513,560.7964369965227,563.3373995633676,572.9640725792408,576.6373740252918,586.6284813049854,589.3669151285147,580.6513229909226,586.4955237077685,584.7113446755104,570.7310593902251,551.7707810545005,536.6209030622226,526.640062778981,516.3328905567589,514.013052718921,533.0075893042869,541.2381607328583,522.5124099088637,517.087147282601,520.6837704057241,508.8626247611248,552.6963346512346,563.5359055971805,579.0510779456654,578.4595223901099,592.5325176282051,564.2103475877193,579.2173108230133,586.5024233230133,606.5541233230135,612.8940995134896,610.0026877925104,591.6571246969255,597.4814301209678,588.9643667434716,561.805400356917,531.1002219887955,498.1520651260504,497.00345588235297,498.1208823529412,498.1208823529412,498.1208823529412,0.013172700519757243,0.010059153124178257
06-28,0.0,0.0,0.24250150992650166,0.9700060397060066,617.6355497805498,627.9760141872641,627.2515613498114,641.2531289173788,647.6363596866097,653.7033967236467,666.4206978508607,675.6678764222895,677.6281727185857,695.9777111801243,713.1515726938118,715.8967031285945,729.0667745571658,743.625049689441,675.1087453416148,613.6721325051759,556.3551668301187,500.36959107254296,441.9288482154002,454.13656684894056,463.7766144679882,470.58603073593076,464.4062493506493,462.3576465856724,462.3760717264814,464.4615247730764,468.8052278033794,484.6855135176652,488.97413956306536,487.3961001365421,478.5261855514856,477.4121988848189,478.8245088319089,488.63905401709405,503.2998095726496,497.2277928502416,487.7890537198068,483.7599752012883,472.7598281642513,459.6610976086957,471.4679758695653,475.76661,472.5570000000001,474.21987500000006,461.29004999999995,452.35171060606064,447.4048568181818,446.44948863636364,445.023316017316,454.72258874458873,459.23598268398274,462.30622989291413,461.3202861699704,450.27622267790684,441.6996166173009,435.0113438900281,424.36847546897553,411.6701938954765,410.78913125823453,410.43273056653493,0.005773845474440515,0.01574685129392868
06-20,0.0,0.04986265476805478,-0.04986265476805478,0.9972530953610955,1017.0753875086266,1032.169435368312,1000.8037301128315,1082.822277171655,1034.6846581240359,1089.9527160950504,1063.1627639419405,1160.6149630761395,1111.5940116694899,1050.2984226970589,907.9292560303923,843.659306187132,684.6896349121704,608.9228592599965,600.2534958514751,600.0504958514753,608.4458820583717,648.0164104761905,653.2546809523809,664.1466850931678,668.8866850931677,654.1901231884058,616.6759684265011,606.6107779503106,587.300738095238,563.1570714285715,549.0345833333333,538.1118636363636,527.9125158102768,522.5960753340862,524.2266056371166,525.6261078365301,523.2168849626298,519.8532621142299,511.3757038123167,495.720146627566,485.2233137829912,479.08236656891495,477.2973049853373,479.8681290322581,487.4980448028674,492.6519802867384,499.615441910765,505.85795242969914,508.2428771608819,508.91665493865975,511.60604084069075,510.49748911655286,509.4127537128262,491.9275537128262,490.588465477532,486.45084773144373,481.84557850776673,475.4813811051693,488.17066992439607,484.51722367693156,482.0336179236585,482.748622408737,483.2450961927394,484.03886911383023,0.0,0.022664843076388535
08-16,0.0,0.0,0.9614626200085538,0.27470360571672964,517.1617582070708,505.49198042000893,502.96228703870986,493.7197770387099,449.3201945387098,401.3053235430388,382.11318122804835,350.4649785253456,323.4685620547574,349.5717184183938,385.8501247676001,418.9543001708259,450.50060017082586,495.5596099747474,528.8077917929293,574.4283588427377,594.8521963427377,622.5304630094045,612.2148296760711,632.0797257799671,603.860098901099,572.8263475497475,550.9963665973667,526.1612878094878,464.24194495234497,433.1658152389211,414.45699516170106,397.29293975044567,406.15706096256685,415.45981074611666,420.74735584415583,429.9682772727273,429.60100454545454,429.6332621212121,427.42764090909094,427.736566399287,423.0801021135727,420.73348739495793,419.89498739495804,434.2849712659257,462.30488018433186,480.730937327189,513.5169944700461,552.3338694700461,568.1239662442397,551.1755146313365,564.3001717741936,548.7538384408601,522.5079311827957,509.1657076804916,515.1896760752688,499.76928798003075,496.8431605990783,496.92305952380957,494.05711923919,491.49460176518886,489.23550710180626,487.09889684834997,486.22753772710416,485.3260222057429,0.0028614958928826002,0.010925711591006292
06-26,0.03771017322086308,0.0,0.1885508661043154,0.9804645037424401,727.0703815628816,731.5653903388278,725.8027260641657,736.0806876026272,736.6443542692939,750.7259971264368,752.4043304597701,759.53675,748.8076666666667,758.9985087719298,751.6642230576441,762.4166063909773,718.1808841687553,677.4699675020886,625.4214453968254,593.8511385185185,544.9549539031339,556.1703812535613,566.5093427920228,573.2068005698006,572.6492264957266,571.6277222222222,568.659540903541,560.222617936508,549.2035601587302,548.468964920635,546.4521695989976,545.1307124561404,545.2919738847118,547.3598538847118,544.9170157894738,547.2949000000001,551.2180000000001,557.7621473684211,564.4183894736841,567.3307263157894,561.3826263157895,554.2130322417154,547.4807967251462,543.2709723976608,541.5835592592593,547.5350888888888,550.3317864112389,549.8146768582376,545.9837602298851,538.8390365261814,537.2292587484036,536.2670014539738,536.4840948072972,541.6762793721576,552.7765593721576,554.9237908536392,555.1327965516449,552.7738046031748,543.5350841062802,530.5136326777088,522.3694064872326,517.4804117782379,514.7783850931678,516.9885714285715,0.03771017322086308,0.017140987827665037
07-24,0.02449026293228471,0.0,0.8081786767653955,0.5877663103748331,372.47000517598343,414.0190872153209,444.86860310559007,470.3739992094862,511.9462455862978,551.2281151515151,550.9700484848485,538.8982536130536,532.5488842948719,518.6760509615385,525.9216509615385,527.3173676282051,544.1607091666667,555.7388966666667,563.661309710145,550.5973763768117,585.2147930434783,592.6787880434783,610.7610001646905,635.558829056696,660.6185741547353,648.6667593399204,664.3775986256347,701.1016522457443,702.3994115857033,703.9772879716684,687.4134911166499,700.4319102341119,683.2370343805875,666.3474419068987,662.3229973654519,650.7109502609361,653.9203464411206,648.3874243399601,637.7911985829809,628.2006364174534,632.1745704694015,637.9316361100521,638.7652924868369,647.0825888074229,643.6497674566548,636.6998235729848,605.9356659259258,577.1338146951567,544.1797263076922,510.5197526153846,508.68918769230766,505.87138153846155,505.05513661538464,504.98553907692315,505.5389536334284,506.71538028490033,508.5148190313391,507.81230930756846,505.8627649597423,502.39340742887816,497.4487874396135,498.98789855072465,497.75656803542677,497.4775979602791,0.02449026293228471,0.01335832523579166
06-14,0.0,0.0,-0.44699982621179385,0.8939996524235877,1053.1915930735931,1103.917991680195,1079.6188071372594,1212.4898253190775,1220.1915546423857,1128.05839879823,1051.5997305289993,1040.0619834025624,908.7798548759167,871.1913926333536,831.4567412047824,764.2516862597274,692.2963239408867,637.8520787301588,591.1576830779848,565.5272830779847,576.6172116494133,575.3508038533115,588.4648918226601,580.8767600985223,583.4470442364533,588.4608413793103,581.0238823275862,578.7170918492769,581.0415485734148,573.216336743176,555.2414563585609,549.4720457816377,528.4227980769231,492.59263461538467,475.3692298076923,467.40279519230774,468.6933307692308,479.24083653846156,496.75723214285716,495.2020446428572,496.40755600649356,505.71849350649353,499.80946124842905,492.4169489331581,501.4216155998247,502.5919792361883,487.9616344086022,492.3499166666667,488.0653718390804,474.18351998722864,466.761727394636,468.42167222222224,458.4655670498084,453.1364567049808,450.6072970625799,441.1965379310345,423.6198893416928,407.08119905956113,397.511736677116,387.2160815047022,380.3246332288402,378.12168181818186,380.2965340909091,381.85,0.01064285300504271,0.029025962741025577
06-25,0.03943918487766993,0.0,0.15775673951067973,0.9859796219417483,703.7705111111112,686.8727047619047,680.0692838095238,651.2226838095238,653.7173504761904,646.5343104761904,655.5914533333332,653.4506811594204,674.7472811594203,676.3673826086956,697.0549826086956,661.520521070234,631.2260899108138,582.6269065774804,543.6238657342658,491.36238694638695,501.9771077441077,512.3655035774411,522.0149440536316,532.3830885757761,543.1197798636548,537.3598331043956,530.467310187729,517.8857197115384,509.72858125000005,504.87226875,497.54210776515157,493.79965151515154,500.2723545454546,502.7142354187032,505.2453274682307,507.78907917888563,510.26274584555233,509.4034561485826,516.688975275334,521.4237535961769,526.0404336231884,529.9042297584541,529.6505587761675,521.1339806763285,515.0500450885669,501.5360243357488,490.46202295356954,481.8280409420289,475.6340783011272,472.9108578042328,475.01759160052904,485.59063018077603,500.19932317460314,504.19564724867723,500.2602950319285,497.6605504597701,484.9740504597701,467.70403634212306,461.65595300878977,465.05344229117554,470.93224191838897,477.208259936407,481.86694256756755,486.57675675675677,0.03286598739805828,0.017926902217122696
06-04,0.05708221389698719,0.0,-0.9703976362487823,0.22832885558794877,490.86075132275136,484.1115417529331,477.52331673567977,465.84388816425127,471.97326594202906,473.04025165631475,475.7966998168498,478.760071028971,477.01845047561136,475.55615482343745,486.54268489862545,494.0383632203037,500.7221260661536,509.58904661951317,513.4974003176641,505.50910062014447,497.1965656671664,488.9500804597701,473.56187068965517,458.1736609195403,446.7553591133005,441.7388753072598,443.12420950141814,450.9113616957755,464.05642954894574,475.82954284943827,482.4539302953258,489.3948871730733,495.0204225266087,492.87510639757636,490.6712121447029,493.0452677002584,481.32959928315415,469.1446965053764,456.52395804383787,445.7143324028123,430.8643836848635,425.1764903846154,417.6007861538462,415.6032046153847,423.16024474916395,418.1284601337793,416.34821526198436,416.880877826087,419.32533115942033,411.6280602564103,417.8065371794872,422.0203974358974,424.2696410256411,424.9553846153846,424.9553846153846,424.9553846153846,424.9553846153846,424.9553846153846,424.9553846153846,424.9553846153846,424.9553846153846,424.9553846153846,424.9553846153846,424.9553846153846,0.04756851158082266,0.025946460862266905
06-18,0.054643906747216024,0.0,-0.16393172024164807,0.9835903214498884,1084.8872038647344,1028.3906202898552,977.2802203698151,913.3131537031484,837.3601589205398,743.5224106367868,707.5004791479857,697.3830308721238,639.3283857108333,639.951232258148,631.6198848897269,608.4744281797703,576.6964281797702,589.49559965685,605.3417142079336,613.1813449771644,640.8063092628787,656.9257000674763,645.8790904183536,644.3658141025642,662.1468991228071,658.049709122807,660.4130407894737,665.2425607894736,655.5531857894737,634.03471,611.852075925926,614.8364775925926,623.524659973545,632.764387903948,639.3681347171348,646.9657794871795,629.9479340659342,607.7778534798534,578.6568311946119,556.2050537004214,540.4225209972823,531.3092330851944,527.5909120149603,534.7829400654512,547.1407974131214,559.7298427536232,558.0358160869566,553.2401542512077,548.4100972796934,538.2931506130269,522.6289839463602,517.6452439463601,511.3220455336617,499.7434938095238,487.75797380952383,480.5604571428571,472.4958771428572,465.67696000000007,467.5001451851852,464.3046951851852,459.4020451851851,456.7338751851852,457.12804398148154,452.98875,0.045536588956013355,0.024838139430552738
07-09,0.04956864899814485,0.0,0.8922356819666073,0.44611784098330365,447.1977517198249,438.21817865473355,434.50512356894814,453.5779440817687,519.1620440817686,524.3913642037198,561.1692654152763,661.7934673788106,754.7813562676995,753.3371653586086,777.1704039949723,787.1236108915239,740.9969235209236,660.5532770562771,674.1846837548417,682.9289564821145,699.2432196400092,698.7810291638186,699.5703200729096,689.7846999356099,677.4946152961113,654.5147271382166,642.8984223763118,633.3555327211395,629.0588370689654,632.3793288230885,611.1153109659456,582.0996109659457,557.8958415302089,530.0790233483907,499.12621702428004,493.83215237154155,489.0966001976285,488.3293592885376,483.5212362938852,479.6518789351314,476.7212872122762,474.72946112531974,470.72625203441055,464.2061023017903,459.85422250639385,464.71830434782606,470.3694347826087,470.08411198945987,472.3770869565218,473.12808695652177,466.8868695652174,458.96138086956523,449.51237449275357,438.5398504347826,430.636721768116,424.2055392173914,422.36726973913045,425.1219133333334,432.46947,429.10031295238093,424.2616445714286,417.9534648571429,412.4875744047619,400.92857142857144,0.04130720749845404,0.027037444908079005
06-09,0.0,0.0,-0.7991894795323319,0.5993921096492489,1323.5476644736843,1305.149882970648,1279.4034417336316,1321.0616702654072,1340.0220508322088,1250.0501895881896,1135.3344443958817,1003.3751110625486,889.2877459831836,754.3149901303407,689.521612507963,706.2582166746297,701.7738000079631,670.6166095317727,633.5024423076924,612.1672115384615,575.6744123931625,555.623717948718,550.6656145004422,565.6312298850575,562.1488315044907,565.8001287604511,576.5851216529387,595.8533238866397,590.3794089068826,585.4735325621748,578.5288616404536,569.5453961417192,558.5231360659715,550.3050424987199,545.3495619792394,546.7194847902994,533.9630158760782,538.1288728185748,529.1271505963525,519.6915113001648,509.5276746334982,514.2940498457223,508.0519256221199,511.4751589554532,504.04094976679244,494.477074312247,487.5769183982685,476.92016559714796,467.07990285204994,463.1883270944742,458.19288116970927,452.6870615553229,447.9811784117429,440.3637967775643,431.4653725351401,423.3368563386928,415.38475171065494,407.60905865102643,403.72121212121215,403.72121212121215,403.72121212121215,403.72121212121215,403.72121212121215,403.72121212121215,0.033299561647180495,0.030272328770164086
08-13,0.018318277119613462,0.0,0.9708686873395135,0.238137602554975,489.5368466576333,483.04228777100275,480.09800668739047,462.482416748366,450.55492785947706,440.7635445261438,435.310725529728,430.0828716397849,439.6058668320926,444.4010149802408,447.9610816469074,453.4862524951751,463.1913584859585,473.87650240655404,478.7269289710495,504.35301916712797,496.8393736644824,489.82532009305396,513.392661583599,528.10638572153,500.03426589582193,523.4077632503192,537.254598776635,523.2194898837131,502.43879463674193,517.0090909330382,502.9764983404457,489.7284753141299,468.8834482464607,488.15371456155634,481.6746557380269,477.94282240469363,484.22846823802695,484.2344239983956,465.6585540796964,460.26527956989247,499.61207368753946,545.7695546399206,604.2449703081232,646.3758661414565,643.6497674566548,638.1734619298475,621.0382823410964,627.1920945388987,616.1489688109696,604.9918543940255,593.8878994868637,601.0699833578315,567.9742475667408,564.86839884594,561.3246961944249,552.7502960899316,547.5240788856305,539.4099043125755,532.4609728609624,525.3067511703724,520.1882693521906,512.6726342644714,511.1077045952951,505.7088144603935,0.015265230933011218,0.01165708543975402
06-07,0.0,0.0,-0.8939996524235877,0.44699982621179385,963.6478049062049,922.5760536796537,920.9947715151515,913.7957556421358,904.9902571805972,744.0428834432234,778.2453388278389,765.8496711259755,801.0495822370865,735.0805344917285,722.3283627745568,624.143807996002,555.5357540229886,506.98247783251236,504.7847824659099,501.65042278211547,529.3034056543157,532.6401019835705,535.3951674213585,533.1927242636747,526.032772510519,495.3713763440861,479.8898064516129,452.9033124423963,433.25687844342036,420.95050445468513,415.9841904761905,416.8201071428572,431.0106785714286,440.1964087301588,448.84418142857146,451.1184133126295,438.97890244306427,431.85336621118023,422.1393185921326,413.01675859213253,402.40279337474124,396.2775759834369,385.8730288819876,376.96059673913044,361.8933967391305,350.9806919772257,347.8203607142857,343.3582773809524,340.1398523809524,338.5827107142857,336.2960654761905,334.78275500000007,335.6249473076923,337.080972948718,338.7332069230769,340.5816492307693,341.1234615384616,341.1234615384616,341.1234615384616,341.1234615384616,341.1234615384616,341.1234615384616,341.1234615384616,341.1234615384616,0.01064285300504271,0.029025962741025577
08-28,0.013595184750688497,0.0,0.9244725630468178,0.38066517301927794,629.9082592592594,603.3411944444445,580.4380055555555,546.57151,485.4673618518518,484.622384928775,486.60595014616626,478.1074715747376,470.2203401461662,477.3729882943144,483.55265345268543,475.4765427807487,479.5292616747579,490.98877060332933,498.16400393666265,493.802860145813,493.8360542490071,489.35615786582036,486.1046143052143,481.33985394485387,477.9067845004095,484.1612267608518,486.948177649044,490.59710629029524,493.62716362035263,512.2096775092415,519.3546421557061,539.7869459767685,540.1663948246949,549.6726276795592,548.6067673620989,539.6741823947787,528.5763908889872,533.0929527937491,529.7068661064426,525.9060089635855,529.4304207282913,538.0808793749078,542.6247082037368,544.5531888760057,545.3102606906774,540.4153783377362,531.7990355212355,525.810257974458,521.8055239085239,519.7133806652807,537.7033484072161,556.7525087675765,571.0562854425145,582.5677052227342,585.9539385560677,597.4814301209678,603.2831225978704,618.560349536843,634.4363134570785,635.3949177751632,621.336619694507,604.1312624042135,596.471535096946,588.1917123747935,0.013595184750688497,0.008651481204983588
07-07,0.0,0.0,0.915336120602453,0.4004595527635732,507.561388888889,503.710402131783,496.3939802420117,494.1342163531228,508.3889486763552,561.0402820096884,633.4985177755265,653.493674053756,662.9513490537558,682.6328945083014,666.8460490976734,635.9365976870151,654.4463915678524,671.2210201392811,676.8934443817053,689.1876640613392,700.0182148634782,710.6686496460868,706.84107292651,694.5299517143889,677.2814292972349,653.6700872493045,641.015265993266,633.3541833721833,598.055031857032,555.6144022274023,518.4905363014764,482.1234340792541,451.89054877005356,457.26937843137256,464.16067908496734,471.5133362566845,470.2197162566845,468.0098323351159,464.8836844919786,460.8412727272727,460.05881818181814,458.60035818181814,454.8102672727273,454.8817672727273,453.9760716205534,446.65106744839704,445.95035111989455,449.3082753623188,450.02314492753624,449.74251552795033,445.76218184955144,438.08214389233956,430.636496273292,423.93371242236026,421.16502318840577,422.3304285714286,427.4299285714286,430.8949650793651,433.1083608465609,434.0701158730159,433.7802301587302,432.47044444444447,431.9490277777778,431.46623456790127,0.028604253768826655,0.031204640475083624
08-26,0.0,0.0,0.9303298761481064,0.3664935875734964,417.1896587301587,438.57950014518,444.82724114178507,456.70916706771095,470.05822262326654,484.72551071850467,467.2344750712251,467.29328565848726,467.91693549013706,473.5994874614633,464.4528649124437,469.6281601978035,471.4291279397389,481.85284629981027,485.949329249119,490.6266601314719,494.30212502710754,491.13529390756304,469.919999789916,460.24218014705883,469.8712351470588,482.7802983278867,492.25677675925925,515.6958578403403,524.604706054626,529.971090570755,532.5863689459045,543.6277140439437,544.7959406551703,556.2925216075512,563.0978320914222,554.9907998333576,554.0519174804165,565.7297065623022,560.1822684670642,544.8657684670642,549.525050969508,535.9902274400963,512.8242885606396,504.8197690801201,508.7265411389437,520.224833719926,544.020002837573,567.9337116095028,579.757383163755,583.0606451958405,577.0849586754642,562.4034366166409,549.7753934793858,553.3331336898397,563.4220427807487,578.1521639928699,598.0552110516935,619.9989272833128,634.4363134570785,635.3949177751632,621.336619694507,603.7152708252074,583.4515127739336,556.9663181071802,0.009397271476243498,0.008970122772777886
07-27,0.0,0.0,0.7999192948270125,0.5999394711202594,449.5246323529412,444.3762599789916,428.1661692735159,410.3073065284178,430.93295168970815,446.53343502304153,465.7639397849463,502.098295736003,546.3905945865778,548.7434827586208,552.2835186560566,553.5874007073387,541.9000011130181,539.3311022624434,547.4756334452392,544.4302190531796,558.418834437795,552.1858834574028,530.1158167907362,500.30075227460713,525.1506831501831,513.6075213464696,535.1275804862546,562.2074471529212,585.1205721529212,549.1891435814927,572.5147669236678,575.8610026556777,577.9023026556777,582.412010989011,595.851510989011,576.8583371998373,574.2536448921448,571.6572782254783,563.1845483404207,559.6645705079084,557.690948541114,553.5149126436781,549.1234919540229,555.0969718390804,557.5168232979664,555.2282838890994,555.529550555766,555.1674126247317,519.0103848469538,484.9376540777231,454.708432934866,423.3502049348659,390.99937155555557,390.53886,388.04204000000004,390.2037706666666,386.4878607356322,383.74683697208536,381.98069937602634,381.1894479474548,376.2390098522168,377.6655763546798,378.49774014778325,379.09214285714285,0.007406660137287152,0.012119989315560794
08-31,0.0,0.0,0.9164139319581267,0.40012439282678774,527.5611782835467,523.1166763955869,522.8106924678208,516.2482870624154,523.4864449571522,523.1807854976928,527.6962203168684,540.0264689655172,546.7151356321839,529.685246743295,503.82816102900927,475.03271706349204,440.3977324481075,415.60098885836385,390.8632348901099,395.8382348901099,400.9131723901099,403.8079763603332,399.05797636033327,404.81561921747607,410.46721262406953,409.3096501240695,405.0108114143921,403.96459801488834,405.43119060748097,403.22868291517324,436.23594005803045,467.7766165557262,512.2941493025494,561.397073951336,606.6088364513361,581.4410459751456,587.5469316894312,572.7256892651887,545.7131463827839,533.9860973962974,565.4305226215226,576.035766861154,559.0698779722651,541.8062139581183,514.3815004446049,482.71083435916455,444.4714795204548,446.18343507601037,454.29119615975424,463.18115478044393,466.9665004025637,468.64236469622335,465.48243136289,459.8586724343186,450.9433683590834,443.8535242032393,438.7345133658009,435.79774366883123,443.6524839547549,466.0067713447843,491.3481107387236,511.205082167295,530.5633981636643,544.6811095750127,0.004302412826094492,0.00821369721345312
07-25,0.0,0.0,0.8055837280355787,0.592340976496749,409.37406926406925,413.1214730006835,435.7931784005468,458.10224361793814,465.7364459988905,495.3452002076448,517.7010018270779,519.2666446842209,517.6464324080059,512.6030157413394,518.221608333932,498.9079587612823,479.7872047930283,460.54918518518525,460.9693101851852,454.073978968254,462.9129610471071,495.0676076420891,548.9714743087559,577.267865437788,627.7595841191068,656.6573702942219,657.725897310351,632.5956973103509,662.5907145146521,654.2375581043956,651.8609778846154,654.1289923076923,662.3387615384615,633.9720853479854,619.6467802197801,612.3408461538462,610.857412087912,610.8964761904762,610.5803390476191,606.0654905627706,607.4027921500722,603.1066064357865,597.1062731024531,590.5218756830982,591.2839499743984,591.8173912442396,562.3146732318172,531.988528070527,505.0093560275162,475.2050764576237,447.12193267882196,448.9047311827957,448.7837096774194,450.83920430107537,451.30522358175756,454.89930714261646,461.6214549836519,471.4716671048641,475.1828660994179,476.5210434393193,477.38081053556914,474.4172765752766,468.5734139009139,465.4781449414783,0.0,0.012923803123565432
07-14,0.0,0.0,0.8538761924255934,0.5197507258242743,399.45500162919524,407.27414595873853,412.6737995256115,434.0311371879492,461.25178234923953,495.7761384098456,528.4853710074688,563.6942215821813,592.2510051319648,618.0164838416423,638.9910279592892,657.3928735115866,671.8703258925389,676.0236654954646,674.9740689737255,671.701229401533,672.6004718257753,667.34433127278,656.2492634196099,653.352619941349,644.4562088741552,632.0702040894663,621.5411043827214,630.7246205117538,633.30785687539,633.3157811390647,628.0122162267841,623.041263364831,603.4364855870533,594.885599223417,592.7271476105137,568.5468666581328,543.524178827445,521.9382089861751,495.9080589861751,466.6720034632035,460.3635389610389,457.255816017316,451.308195215311,443.657595215311,438.30823717335295,435.2601210894369,434.5132469635628,433.1050501672241,436.25359562176953,439.4443025814765,439.98125129942525,439.9635088245089,442.3515912043716,440.79051485737756,440.0471263861997,440.1146621952183,436.3380752664604,427.3028250260835,413.00891147408754,397.87804597701154,384.61291187739465,375.76948914431676,371.3477777777778,371.3477777777778,0.01856252592229551,0.020250028278867828
07-21,0.0,0.0,0.8190647284624497,0.5733453099237148,545.7044065719855,565.766568817878,571.3163979114453,568.5405031746031,579.5247253968254,574.6195918060918,563.1111235521236,545.2854678744679,553.5726443450561,559.8707554561672,569.3777999712705,578.3487747611864,603.1513500816993,624.5872039141414,665.4146790099269,706.0426998827921,740.4171951389592,758.4003993056258,761.8355118597384,738.6610089861751,724.1132909455539,690.6646011192512,674.1392474960628,653.5630213055865,641.8357072030224,623.8518820178372,625.3836545930881,621.3848135136277,618.3843451228231,621.5002187491967,620.8627897836795,616.6812665452987,612.3996945812808,614.5066309208033,617.7324880636604,618.5639736958444,615.8253727106227,618.843806043956,588.6403179802955,554.081389408867,524.8303333333333,500.84791165845644,472.0879172413793,471.0407487684729,465.5796945812808,460.44218014399394,458.8742043033429,457.21355593229026,455.46023503083626,453.6142415989807,452.27579371353283,448.1988925277621,444.2556019825585,441.8982292879535,437.5272239969481,433.35655412361166,429.3862196679438,426.4063678160919,423.1166666666666,422.9646913580246,0.013651078807707495,0.014892085972044538
08-15,0.0,0.0,0.9647037207801314,0.2631010147582177,378.7074203789043,388.6769623430017,402.53019844582997,402.46416987440136,399.2215462184874,411.5065906629319,417.73107301587305,415.31567025089606,432.6601933278192,439.73735274810895,426.3603931521494,430.12221250698815,436.5603941079439,427.7105960310208,446.98865565835,466.2210967357911,466.7777488095238,469.76816748907294,464.78999901081204,450.5030223874354,431.1175207039338,444.44375696767,448.24820674278254,468.6610566726562,489.8809475817472,517.9189042917039,509.6453238721234,507.8846730100545,503.4461998917749,512.5706498917749,502.21826893939397,495.25531309523814,495.72910745007687,493.99596161674356,477.5054449500768,467.97155989260557,461.60436910919543,445.8477083750464,471.94714587504643,490.90716254171303,521.1003809325176,551.1579938357434,579.5361018817205,576.8899474699558,557.7745724699557,560.144843303289,560.965549754902,548.3715106744423,535.0837275862069,545.8334537766831,531.9730311576355,520.0300597290641,521.2525654761905,518.3995668650794,514.7165101190476,510.20339523809525,505.4512380952381,501.67949299719896,500.01100513538756,498.39459943977596,0.0,0.01116186123216681
07-17,0.03215288614768378,0.0,0.8359750398397782,0.5465990645106242,411.68166935050994,432.73397928560973,465.4319453332497,509.5245540289019,537.2710132881612,570.8786690852626,585.4243206004141,591.3395586956522,573.5101166666666,595.3754880952381,619.1800000000001,639.4663602150538,651.3129602150537,673.2229659621802,668.8667945336089,692.7348659621803,711.3838845350052,705.7124095350052,707.9655819487983,714.1641152821315,683.979948615465,665.910184770115,666.1461264367815,665.0953200707338,665.5486175066313,663.4649900556509,662.3956708120469,662.927689859666,662.0468180647943,658.1963292310472,653.0436878648234,648.6889338325653,652.4650739247312,648.3874243399601,634.2708825171508,617.907032286736,597.4217007153075,568.2483474802845,539.6217550769231,533.5293628571428,523.6585085714286,512.4875484761905,505.62199590476195,501.1691741904762,499.12908333333337,499.5017233333334,502.1958992592593,503.75744132822484,503.8818946615582,506.61866894727245,506.2929448093413,507.4040489453076,507.80063780472403,509.6798429329292,508.2725916101778,504.17242994563975,494.27133198251306,478.56929772079775,470.3584490740741,457.0663271604938,0.03215288614768378,0.017537937898736606
08-04,0.0,0.0,0.995726171426557,0.0905205610387779,436.81182287996245,439.72577892467774,446.8544692935883,433.22138447826694,421.56604546311536,406.29872728129715,391.41694786953246,368.9536731442578,393.1156945346321,377.18849073028423,379.5996573969509,399.5042883493319,412.9277169207604,404.82004847156253,442.75698977591037,469.76344432136494,487.4781810160428,505.7951487579782,542.1060899344487,530.1481399344489,545.7858103889943,527.5090498847926,537.8630821428571,523.8389912337664,544.5745340909091,536.6841363636364,554.1479042207792,579.234479978355,595.6548436147187,597.1383068181818,622.1864684343435,640.6572577200577,612.633494462482,582.9198884018758,604.6289860449735,576.1419638227513,554.4156702266922,551.1590720124066,565.1097130380476,541.9461631804977,541.144296513831,537.1495467919178,534.5356428510311,531.5228018253899,525.8572286243975,524.322538969225,528.2098404152763,530.7609146858333,533.9731001930797,537.7736028812517,538.5518758697574,533.6620634559644,504.46567884057976,475.4050266666667,449.96694333333335,424.97836000000007,402.4,403.935,403.935,403.935,0.011315070129847237,0.014400998347078302
08-01,0.0,0.0,0.9995823680530878,0.024380057757392385,452.5646553379417,459.2644005943653,463.35449483446666,466.3268834058952,457.99496844988346,455.7873889044289,458.0493282983683,454.2215539393939,436.741832034632,467.7267302164502,486.9748817316017,487.03766334079717,490.38135222968606,507.6823705447044,501.8788966053104,493.2113208477347,490.1205212205212,490.17913233163233,475.045170039023,450.7959925498455,456.37554701339997,474.1459571882807,469.88087098138413,473.84016307063365,498.57314922427497,526.1507167918426,518.9339160328293,532.1186272397258,585.4513535328293,579.6287452593723,547.0530882230256,573.5459730156524,578.2280204294455,549.6346756713808,559.7112830128715,567.8439825202606,542.7053825202606,540.7050101064675,539.1541566502463,535.0138,534.5474517857143,534.4437755952381,534.7287470238095,535.6606882936509,535.3845770967396,536.8835062634063,534.8583062634063,533.0269465995407,530.5460425591366,507.67237247525975,483.39443914192645,461.5188066419264,438.3015298772205,415.03461419540224,411.775675,408.5011791666667,409.08702000000005,408.7632183333334,408.82872812500005,410.0294097222222,0.0,0.0155145822092497
08-30,0.0,0.0,0.9191107433536744,0.39390460429443186,461.84923202614385,463.03379901960784,465.2146067832538,452.5515125803553,457.8356569653821,460.7415853541288,453.9703816504251,437.5493525443961,435.6650948954428,436.0019684132293,433.2683131337262,419.0738293374299,413.8698070049237,405.0951588567756,388.0261762480799,383.43750741691105,395.1424221896383,399.2553543364681,400.90884100313485,401.5159785031348,394.7932616200179,387.59804786080423,385.2895185038611,379.33677745122947,380.4661732845628,380.7732270660754,401.6076594985078,425.67992976877804,456.18503503193597,477.8349122249184,477.59186770981506,476.50094740489476,469.1522447021921,458.58097225637164,461.72826173005586,485.0953428111369,494.7079581957523,478.29832019411435,460.91250842940843,433.14765128655125,426.5763452708582,396.35858659815835,397.919595256167,401.9691381133099,408.48675332068314,396.92471184602874,395.6924961597542,396.8984321203454,395.94668320259643,395.38736263808033,394.6392287095089,402.73618704284223,404.39157040998214,413.3402647058823,431.23232720588237,450.4052325630252,465.99539703670945,485.16277612167676,495.1058598579783,496.05281314397115,0.0021883589127468434,0.00835555221230613
08-24,0.0,0.0,0.9362774683253681,0.35110405062201305,476.7491460973168,473.9522441883722,485.397584824382,463.6710267756016,482.71714663459096,483.9704429308873,493.1952019052463,490.8261267172763,496.1949101655522,491.8303833113322,518.1370647928137,532.6143314594804,544.6113886023375,559.4558476540617,576.9510829481793,572.9902067577032,561.4238734243697,559.1219938876902,550.3963707816296,541.5360338832339,541.4462053118052,537.6600876647465,525.9416243442831,541.0068516170104,539.7457436624649,530.7466650910364,533.0656312229437,541.0688497103387,538.4347455436721,544.2891262254902,555.8699762254902,542.5230587751246,521.9287988130751,493.82240297974175,470.9843347979237,444.73529729792364,443.6898823924732,474.2887856182795,484.8862568826474,491.9122488181312,521.7318798665184,530.7493637374861,508.66478770061974,515.9069164362519,520.4355193283543,494.66925435139575,485.6175876847291,499.11531089901484,506.70454423234816,522.776521985407,540.9987809139785,565.1167701612903,567.3887076612904,567.4136362327189,583.1453136520738,559.1060594854071,529.1008403530378,499.03156880131365,484.77142528735635,426.18856704980846,0.004876445147527959,0.009309577099826103
07-12,0.0,0.0,0.8680018426349869,0.4960010529342782,432.6430372807018,428.486444627193,427.3228890350877,435.88990292397665,457.7231717717717,483.571623384675,508.9742312278122,552.4528825098636,560.2390561209746,580.4112774047585,617.6522702362997,644.8996623931624,627.2573402777778,628.4273444444445,620.7992194444444,589.7856537878788,570.4649454545454,573.477235895722,569.3802014871197,565.7276889871198,565.9449213103521,570.4420235830794,570.2818849276172,571.4167860028859,570.3785011544012,565.3095190755481,554.8319208350789,556.4439922636504,557.9253446446028,529.6283894930875,503.4182604608295,475.10013142857144,440.79984571428577,409.67437818181816,412.26945454545455,413.3689090909091,413.3179567099567,418.14935670995675,420.85160229625455,421.42469346885,419.8686302277433,419.6166937198068,416.3988799267034,413.7443546201259,414.65846041722733,412.7367833985938,410.5559341922446,406.35315750915754,400.4109761904762,389.22004960317463,379.1847916666667,368.6455357142857,357.60228174603174,350.8490560041408,348.88985650448586,351.724683247067,359.3535362318841,371.77641545893727,377.98785507246384,384.1992946859904,0.006888903512976086,0.022545502406103552
07-29,0.0,0.0,0.7948222126792739,0.6065748465183932,442.86028216374274,441.38156876566416,440.192421679198,439.629421679198,399.13800062656645,393.11740776942355,404.8538675096833,409.1549361371343,429.9919165292912,460.94943309849197,479.7619759556348,477.49399300108934,474.1316364948505,471.96172276936034,470.13705849217985,469.5442738767953,468.8009694413114,470.3473487179487,472.8759903846154,473.9423815136477,471.9697661290323,485.9359596774194,511.67608622828794,519.7519419975185,533.9076966271483,548.7991040345557,554.0850524216523,549.5282062678064,659.5306678062677,666.3474419068987,662.3229973654519,650.7109502609361,653.9203464411206,625.0948163125763,625.0928870196469,620.4109269056869,618.5149603505031,616.208880350503,612.6634920721147,622.5217220186388,619.915092389009,614.6027445629222,615.6702209265585,624.1298901573277,614.2477164878599,608.1638604800065,594.2986445887445,556.1299082251082,511.78195581131513,472.5577128884908,431.5910283743842,427.45497586206903,428.6002137931035,429.54962104560616,427.97147202703854,426.1642754222641,424.1280312312827,421.8627394540943,419.5642307692308,419.5642307692308,0.013944249345250417,0.011408931282477615
07-19,0.0,0.0,0.8273582550748378,0.5614216730864972,397.1979605734767,392.47185752688176,396.40011760045275,391.5346620448972,397.1658311553566,404.68086341342115,412.0892787360018,414.2297328713401,412.4084550935624,403.3119096390169,412.95746561624657,437.3714985109833,459.9321127966976,490.8449794633643,534.2372136975986,553.0373901681867,558.8795447734499,596.6640800675676,633.1755271263912,631.330649213996,637.112254878484,636.5330757118173,610.9600547034139,581.593336216019,584.0441798941799,582.1973720238095,584.1462386904761,579.2815244047619,573.864079704301,574.5447532675195,571.3824028887316,576.1064373714902,576.8060040381569,581.2838773100463,583.5735104134945,588.9057056996899,549.8724973038877,514.1049569530105,476.1430469497415,438.0175749131282,401.99545629290617,403.6818398169337,407.01644393592676,406.8129058872478,405.36349444560017,403.4251633395742,400.99791256916996,398.08174213438735,398.046043812709,398.5985488294315,399.37384114827205,401.394048974359,404.43362743589745,403.97121564102565,400.0068135897436,392.1488835897436,383.878966923077,374.4116784615385,368.80484935897437,365.28136666666666,0.004924751518302606,0.016117368605353982
08-21,0.015496139684863327,0.0,0.9452645207766629,0.32541893338212985,404.8702380952381,421.36339285714286,431.29876984126986,438.1883492063492,453.7313206349207,474.24313313492064,476.96022837301587,478.9889585317461,493.7838659391535,489.43842784391535,490.4663250213347,484.79950683951654,482.2304180949278,472.18782550233516,484.8097115238405,500.2705190878005,515.6223602581244,551.9943184608412,574.1006385666614,573.471933497537,571.5348033529318,585.1752104719529,569.7204518512633,583.4719979342126,614.2257211484982,629.3838634634889,633.1594333559619,642.7061479153489,637.672273260971,612.7291871123223,595.3767753476164,591.0757497065908,578.8799567772979,558.9082407058694,559.7677226878513,548.9012973484848,542.5362509174385,521.6668569780445,512.1072778113778,517.1682680074563,517.2618927729347,507.1377426227846,512.5693710119392,520.795287678606,517.0233161762211,537.5240531571045,548.7371762802276,569.3852379343629,589.9696434899186,600.6882779493781,591.6571246969255,594.4282075882605,565.4500933025463,531.1263234612763,498.05869411764706,474.0682941176471,449.58885714285714,451.6817142857143,451.30428571428575,451.30428571428575,0.015496139684863327,0.00986117979945848
07-28,0.0,0.0,0.7973050123516667,0.6033659552931532,472.2306060606061,474.54145454545454,484.43116363636364,472.40302091886605,467.7318041356493,480.369081913427,498.5368625585884,511.08366255858834,538.1551507306315,555.7676250896058,561.9198344913152,569.388768997669,555.5030599067599,577.2020300217024,596.0183248934973,603.8739210473434,598.8885798088718,622.4120975954331,578.9649941471573,535.6120780632411,520.2351007905138,520.2429268774704,506.17825151515154,559.4650902248289,627.3614822702834,681.6103224462365,675.7369624462366,700.4319102341119,685.111116930514,657.7474529032258,624.6050066666667,636.3584536231884,614.3756702898551,611.2994657444005,611.7477202898551,611.5226369565218,606.2148576923078,600.1995521367522,595.6790878510379,588.2689975284572,578.8623847833592,579.6306857867037,571.4484837665016,568.1905367618934,563.7228985130454,536.595353850736,501.8941737265124,475.6245613389001,446.84288746438745,416.79284900284904,413.9458241758242,411.93516483516487,409.1880903540904,406.0335061640868,404.9314469604947,405.88191274331405,408.88490351254484,413.0264412903226,416.7398258064517,420.1781448028674,0.010774392058806308,0.011753882245970517
07-03,0.0802449551922326,0.0,0.9629394623067912,0.2407348655766978,428.3505438272871,496.9037203704653,546.4410334392294,564.9003569686412,604.6098075180917,631.969808952812,608.4220875242405,577.8551414924945,570.5290657349186,564.2979345131993,574.2276403955523,578.8255394103305,571.029914013505,589.7190731044142,609.6156823481117,614.6535647010529,616.274737114846,625.8174228291316,610.9853100840336,579.1288577030812,546.6420467787115,514.1400467787114,487.99695868347345,473.08282142857144,474.4777103174603,482.16575,487.22974999999997,498.5888266666667,495.42938807017543,495.0950956725146,497.5859494736842,502.90194947368417,498.9993094736842,499.75520421052636,499.712674385965,495.82400359133123,493.325533003096,488.06430797325794,483.31357902813295,475.8380051150895,470.9374109974425,464.0719871412333,460.15520328218247,459.1870594202898,459.9618192982456,460.2273745614035,459.2871935672515,457.14127631578947,453.7896228070176,448.94609566563474,443.2987962848298,436.8477246646027,429.59288080495355,428.66701764705886,424.5224032679739,423.7545584967321,425.0981055555556,427.9157555555556,424.2804444444445,427.1898518518519,0.0802449551922326,0.04376997555939959
08-27,0.013840781526356406,0.0,0.9273323622658792,0.373701101211623,624.3241625557905,604.0173832804792,590.4871338971107,543.6107778365047,546.3211390768147,521.1619185475445,527.6490611807733,524.136153908046,533.5200999864774,530.4047214918537,530.1886525263365,530.9490341355319,556.1785762044973,565.7358576035434,577.0493745597056,588.8654780079814,577.2599161032197,567.3669873675874,568.9508432234433,564.511638095238,557.6521675070029,551.2573103641456,531.5459270308123,515.6505286568286,520.6027567270041,530.9042016742137,543.4080117128237,552.8595836640433,567.1403666534115,562.0477692138668,555.4136948548925,550.9447705305681,544.8317538425065,532.1240102527629,518.5065507933034,507.8268613196192,495.61711846247647,495.9477500414238,492.7485476122739,494.9665431077694,513.4547135338346,519.1596563909775,517.8249721804511,518.9319181993445,521.6494995001575,520.2986313682893,524.6860313682894,527.9266103156579,531.4238090336065,532.6586508097166,544.3288748313091,566.0396116734144,588.3784395539265,613.5065228872597,633.930010066747,631.332247583616,616.5423107415107,604.1312624042135,595.953752274607,584.7254303832368,0.011533984605297006,0.008807770062226805
07-30,0.02031533615881712,0.0,0.7922981101938676,0.6094600847645136,463.02809265996774,448.4701823982016,442.2934792518946,436.46313035754565,433.53825535754567,416.9308297165201,420.63001558441556,434.7248112833404,461.2020052227343,475.1811163338454,497.896053968254,522.1751402777778,510.93758267409123,503.76574100742454,501.39456093079616,477.84179341133006,457.0573509113301,456.51657948275863,441.54995448275866,427.94310037135284,429.2205353846154,426.68366538461544,462.3793853846154,491.2374623076923,520.9320890883191,554.1942429344729,593.9616481068867,605.5981281068867,601.3273615286374,625.1198244916004,627.9513721839081,624.7592170114942,616.0680503448276,633.8936923809523,618.7748334065934,626.4415934065934,631.2389115884115,629.5236782550783,625.0959758741259,622.8270848484848,611.7873925407926,603.2689447293448,603.9178062678063,605.6585562678063,602.6753008914623,601.5041222314127,597.2932670125573,568.9503439356342,542.2246048051995,522.4324362105291,503.5560317000101,487.90697289632107,491.7186226086957,493.0522817391305,494.9671461863354,496.8143846275592,498.39489124269613,499.708666031746,500.7059325396825,500.9548148148148,0.01692944679901427,0.011081092450263882
08-03,0.0,0.0,0.9974365886857431,0.06958859921063325,472.83505291005287,474.4498190943044,474.5804108309991,443.16260437938615,441.6905865222433,434.7998404904973,414.402498442567,396.30979473886333,398.1201229296067,382.1234779296066,373.3059184057971,389.51638287026157,419.82513101840976,437.33360927927936,460.41430574986754,478.8287224165342,481.95515147058825,484.29093856736245,472.3635514705883,464.49708467741937,459.3423260567297,448.67111234705226,422.278104560623,419.9991583240638,418.36403485354094,416.7423418613274,415.72300665796126,427.7322273476166,439.14975422933696,451.6601013557737,491.9978196353437,510.66283225806455,513.6093357063403,538.4023034482759,551.8851287356322,537.7595495689654,549.4459416285189,560.7934833415334,549.055613381856,546.4467922611663,543.7098547611663,536.2459573252688,535.8164156122544,534.9211242816092,533.8011867816092,535.1670367816092,536.4895655172415,534.4819287356322,532.7292412356322,533.4317745689656,530.5273745689656,500.15223249999997,468.6840158333333,438.15603881720426,406.1269264516129,374.4162329032259,369.8271048387097,365.79753225806456,363.782745967742,361.7679596774194,0.00773206657895925,0.01476121801437675
08-19,0.0,0.0,0.9517553549295336,0.30649748718069725,446.20332756132757,445.1591868474663,453.34152594856124,463.0156714031067,463.92337405462183,468.3436132080609,470.80258026688455,463.87017302706556,447.20192786577525,447.2433767294116,439.32260984488005,443.1698231782133,435.226942836333,447.6763213309567,456.4289273915627,486.94082655122656,501.65329321789324,528.4167471861472,548.5096609116374,556.909353971266,544.3779899159664,548.5877140538975,544.9973711967546,538.8479594320487,540.4469271739841,561.6217376578551,541.5904273130275,542.472486136557,527.7283936995822,522.6884190452043,484.5896978913582,488.6888840982547,505.78056721020914,513.3224243530664,525.2305582816377,546.0509669354839,552.5119294354839,532.1339939516129,536.2573042964406,518.7434417964405,505.556823740885,501.3300737408849,514.4398156763688,542.9531928315413,567.7779928315412,592.4416198156682,603.328404267117,614.5772517320136,616.8397772582041,610.0026877925104,587.5256114285714,536.8904685714285,488.34845428571424,461.64908,438.7232942857143,439.6040000000001,439.9039285714286,439.9039285714286,439.9039285714286,439.9039285714286,0.010754297795813939,0.010265466077822395
07-08,0.0,0.0,0.9038692865651509,0.42535025250124747,477.00279015699874,473.71715511774903,456.3697728746871,469.9838106944868,489.1351764602526,510.38676117786054,543.7827111778606,596.9839351246454,614.8620155844155,612.4448753545305,619.8096555743107,623.576131764787,621.2248590375142,616.6161090375142,624.8644826007327,636.6538595238096,640.7502254385965,642.9746799840511,647.8098633173844,641.5417591507178,626.7330349082935,610.3837810383245,605.7955572621006,593.6158858335292,593.3705376192435,564.8958785283344,540.2195702930403,510.2650179853479,491.44266633699635,474.31640333333337,484.61431230769233,489.59023230769236,480.01341098901105,480.20124315684313,475.6737312687313,466.43087532467536,452.4726753246754,453.53600000000006,443.44523376623374,439.4673852813853,438.2214955844156,439.9892146753247,436.37439103896105,429.23524545454546,418.99679090909086,416.3932109090909,414.0107934054834,411.8495383982684,409.9094458874459,410.3566533333334,405.8379361904763,403.48535650793656,403.2989142857144,405.2786095238096,393.1837657142858,385.34449079365083,381.7607847619048,382.43264761904766,375.7313095238095,387.3600793650794,0.035445854375103954,0.029001153579630505
06-30,0.0,0.0,0.28728103511579617,0.9576034503859872,1385.2556506054332,1266.3411944758138,1203.5514101261056,1079.1285345280196,948.3758837343688,976.6567624529041,971.1242448545605,963.0503166248957,952.1206265664161,950.076515455305,925.5045063019868,942.9285697940504,929.8852101449277,908.7290012560386,873.0679179227052,864.3335108080807,792.8896377922077,745.6109059081498,700.9023259081498,651.0917055377795,599.408212031286,594.5508469519209,588.8430153439155,582.2112486772487,582.8455773809525,617.5726084368531,638.0783180296758,644.3627061594203,636.425772826087,631.606004968944,589.8596977225673,563.849680331263,546.7251890269151,544.4493890269152,537.3082955204216,526.8873561264822,514.1758818181818,510.68202467532467,508.7349634952005,509.7376346414456,508.1600673687182,507.0435216024845,501.7306090310559,493.9289856397516,483.6386514285714,476.38957714285715,473.13331771428574,471.39436123809526,471.17270771428576,472.46835714285714,477.6910428571429,483.22422773109247,486.91913134092357,485.62996034525247,483.0642103452525,473.46515891668105,459.81341560117306,447.9324654545455,442.70671818181825,436.01229090909095,0.01596005750643312,0.014509143187666471
06-02,0.0,0.0,-0.993883977467295,0.10461936604918894,405.1285774410774,412.39859974747475,418.9508285159285,432.77766184926185,447.45157094017094,468.33409871794873,479.70503205128205,477.4758981481482,480.02714814814817,485.3393386243386,488.8709732397232,490.3254732397233,502.58565842490844,503.1936167582418,503.7701762820513,502.56641666666667,506.39375,507.83899999999994,510.3069821428571,512.4768944805194,514.3487370129869,515.9225097402598,513.866987012987,508.6641298701299,515.8327056277056,512.8916017316017,503.792024656503,507.0742973837757,515.6644712968192,514.1644474872953,513.9737045405869,514.8229255550797,512.0748855550797,498.5482116420362,473.80359920817375,448.9226822222223,431.0687537710438,413.76406649831654,401.57868414537535,398.39450334615503,400.8705101687671,398.16152195327896,393.08558255933957,389.5539649122808,385.1480438596492,383.2088333333333,383.7363333333334,383.9125,383.9125,383.9125,383.9125,383.9125,383.9125,383.9125,383.9125,383.9125,383.9125,383.9125,383.9125,383.9125,0.026154841512297234,0.02377712864754294
07-23,0.025359221984390775,0.0,0.8114951035005048,0.5832621056409878,419.42892628205135,452.30576614010994,474.2343271978022,504.0369521978022,542.1183766009851,536.9060087438423,518.0360087438423,488.98873890257255,476.44354247400105,467.9928873015873,484.17847631257627,496.20671916971924,511.58165934065937,504.8391923076923,516.7099615384616,518.045043956044,528.227623956044,542.6303193406594,601.6775578021978,607.4495127093596,617.1545072148541,627.367387214854,669.6623375178845,628.9432089464558,634.1212181418581,627.8502236363636,631.9217080808081,602.1146777777778,607.2489211640211,605.673387830688,607.9015971902938,604.2202727458492,602.5993127458493,601.1955349680715,607.2939778252143,607.4363226528006,600.7688155560264,596.5900880560264,599.2051843523227,594.8674303840687,572.6742809587813,548.2699273148148,522.1648888888889,493.9180444444445,471.7064592592593,471.73644444444443,474.9565185185185,477.21932777777783,477.68131888888894,476.5809198005698,473.91813051282054,469.69295102564104,465.53875230769233,462.2990876923077,460.33178307692316,458.39870212201595,457.3839965517242,456.6115602122016,456.3024310344827,455.1972413793103,0.021132684986992313,0.013832302900576786
06-22,0.0,0.0,0.04539279498122759,0.9986414895870072,1210.538365173474,1112.0523945697605,1049.3869781558085,998.7955095567746,945.6899762234414,882.1666034961685,908.5687069444444,952.3845444444444,891.6749888888887,846.4975777777778,789.9469634920634,703.9007634920633,603.0567330572809,589.608884168392,541.032847131355,500.24456141706924,538.4836814170692,563.531159677939,588.1616196779389,615.895267826087,627.6090370568561,601.7895615013007,594.472829059829,591.4908105413106,558.9427044807045,543.2883352499352,519.385847948348,492.8107468494469,467.62833679653687,464.6642285714286,471.67025714285717,488.20242903225807,483.68476090038996,478.78461401394304,478.2003312300603,473.93198397731305,459.75501465201467,466.2454065934065,478.2421184149184,486.5001587745588,491.0195276723277,491.80022510822516,497.1659870129871,492.7563506493507,491.778735930736,493.81392207792214,494.7956301524562,492.3846301524562,486.2489158667419,477.6481769504859,469.00554058684946,469.72657536945815,466.7504953694582,467.8524032354193,467.81018074074075,464.61992148148147,454.7760711621967,445.35490978288635,440.1858952532993,435.933748403576,0.015130931660409198,0.020633088627830726
06-03,0.0,0.0,-0.9854310746626189,0.16423851244376983,433.0782105475041,432.79490791062807,437.18471420729037,441.1405451251647,452.05336452315805,464.79778118982466,477.8261605001695,485.73928566485995,492.3872286933457,498.1220748471918,506.64492100103797,508.14117132032277,510.3009134492583,511.21077551822384,508.3616496965193,498.59959964462223,489.3494572713644,476.3789805097452,458.31743628185916,461.60510056510213,467.4005069388383,475.7036554030677,486.51454595779035,501.5301591511937,498.0443899204244,494.5007736516357,495.2818302387268,490.83024403183026,485.56711841606665,489.4619332308815,491.8695644152893,494.07005392577884,501.8781425957296,494.05171402430096,474.04479394632824,454.698523923445,430.35034210526317,404.23010401002506,391.46184210526314,383.70474736842107,381.6879739130435,380.41587905138346,380.40118208168644,382.1225154150198,388.63629874835317,391.398708168643,395.4053863636364,400.65633333333335,406.6729166666667,406.6729166666667,406.6729166666667,406.6729166666667,406.6729166666667,406.6729166666667,406.6729166666667,406.6729166666667,406.6729166666667,406.6729166666667,406.6729166666667,406.6729166666667,0.03649744720972663,0.024884623097540883
06-24,0.0,0.0,0.12396577200931616,0.9917261760745293,727.7862800417973,717.420710031348,703.1265055250784,681.3678968294263,701.1482750112443,723.1059615316206,735.3226787729998,758.1013812729998,763.7216566353187,748.7669201647304,700.0229377600384,644.0012466056156,590.7239637484727,534.7462364757455,493.894883534569,478.43272364677097,492.3437642264811,502.60221353523684,514.9240741412975,536.7040035530622,564.2677007044865,558.165178865406,552.6027057471265,545.500196069707,527.0629573600297,510.09496848350017,510.6007665130568,508.9926055935167,507.3689093801314,510.8697638944065,515.9853626847291,517.3600055418719,514.4303886836344,512.4221279077723,504.94834287240536,497.57816998779,493.67168273504274,495.35045948717953,496.2114923076923,502.6416615384616,489.8878514685315,480.32958576702583,473.96686443394447,470.7996874692875,464.36744963144963,476.93422585522586,483.77737491337496,490.24145624645627,494.9821670572671,491.9518510489511,486.72557680145945,483.1458949832777,477.859510367893,464.038110367893,464.0585499283326,465.1738791208792,465.88466483516487,464.19964285714286,468.2914285714286,468.2914285714286,0.02754794933540359,0.018782692728684266
08-25,0.0,0.0,0.9332825916776065,0.35895484295292557,534.143668536958,517.9395757270428,502.3080290026869,479.16944985210773,474.7855770922512,475.47270972383,480.5849425720629,492.4326541510103,487.99205593672457,487.9705398076923,483.49062647435903,481.8966311363637,470.10988446969696,488.4785127591707,489.1155772752997,501.36612489434737,519.3647612579837,552.4489834802059,550.6774502994278,554.0561683919944,567.882194847021,565.3368215136876,561.5313992914654,577.4031166827697,576.5448340740742,578.7879721212121,591.2565505827506,573.6169797494173,566.6084797494171,567.8309797494172,565.4714819139195,550.5291158661742,573.5407933661742,556.4799362233168,561.1210102973911,563.4738551514617,565.1975994043353,573.9405260710018,593.038903213859,582.5843442913001,552.6425184848484,537.3828921407625,508.46221032258063,495.1937870967742,496.3521429130009,497.2462267839687,502.3627011672705,499.32576470588236,511.27592599620493,536.9610227703986,568.8803513994308,596.9053724078342,603.2831225978704,619.9989272833128,625.6403116669435,610.8782088443629,572.5943643065477,537.2190094678381,513.2881583865218,491.7001707779886,0.007179096859058512,0.00913703236607447
08-14,0.017918945926409968,0.0,0.9676230800261382,0.25086524296973955,428.55558260689844,427.00127028850716,420.34670853849804,401.9838982820878,409.88588183471927,412.3711128722084,439.53494620554176,451.9271824692781,477.39519031241537,513.6332748712389,523.2827787114846,510.6270362872422,513.5832253628724,499.6883611094789,472.4184832814245,465.25552137666256,462.02712743726863,466.1169188811189,494.1856991008991,503.9517965367966,521.4411965367965,541.1982495670997,558.8627041125542,542.2810136363637,546.1196136363636,558.2999850649351,541.5038541125541,523.7133029761904,533.7311363095238,524.1053248152709,501.264181958128,507.76332481527095,507.01172853148717,500.5207285314871,503.81678764478767,525.3700257400258,523.1002941382942,537.2059567099567,555.4580173160173,564.0255530303032,556.0624974747475,567.007371933622,577.2352645743147,567.7012729337713,592.6634712096333,592.1486725985221,590.849894273399,580.596668299373,582.2870046368861,558.6798215125391,562.0651340125391,560.6570284090909,560.3602954545455,559.3218276515152,556.8647389705883,557.2508014705884,557.9744473039216,559.0017598039216,559.997277879902,562.9277430555557,0.017918945926409968,0.011402965589533616
08-22,0.0,0.0,0.9423836584302203,0.33439420137846526,453.84104761904763,448.98084821428574,446.2697285714286,428.3274547377572,416.1161865024631,399.85730793103454,387.1299722167488,385.7756808374385,388.070182906404,408.11564862068974,409.7463986206896,424.77914587343696,425.8721113906783,443.8696649390654,436.13918691708733,457.79822537862583,460.34802309942353,478.4918322948259,488.45710541310547,501.1996896126896,525.5855225797226,544.6264347490348,546.8492650520651,550.7092650520651,575.6495731601732,561.3151303030303,569.0892012987013,573.8294583519928,594.9441985818778,562.3762054784296,539.9313638635228,513.9018621800211,493.99870815703264,450.07734741432705,444.93035480348965,462.81498213268213,456.93237932297586,453.6175333459643,464.3686871921183,472.4661395730706,477.24734195402306,479.4865373563219,480.2886500000001,482.0514241935484,482.1374634092347,478.9174169251238,507.025118074549,537.86880898364,560.3474722900916,579.3803289077387,585.7620344827586,570.73975,553.9055257575758,517.6979454004329,487.4900971861472,458.88181175115204,441.1843520737328,421.92544239631343,422.0244815668203,421.32645161290327,0.0,0.009672559544005194
06-21,0.0,0.0,0.0,0.9997343583256316,1097.8317292929294,1028.691796969697,993.8443709090909,910.3195876923077,855.1010461538463,871.736131868132,912.139626604974,870.0153599383073,817.160385579333,763.548325378664,691.361142228481,581.8605578364665,551.8370340269427,516.981579481488,493.97151788728513,493.2987486565159,513.6402383116883,530.6679102693604,537.8401853276354,554.681351994302,547.6972091371592,536.3580091371592,523.5109276556777,525.4014634646962,526.6538366531021,528.1868214924796,527.4039489352099,526.2238285051023,518.2232033660589,508.1817952314165,501.0991790556335,503.6486255259468,503.86250827489476,500.4012611500701,497.8198518934081,489.94408695652174,470.1006956521739,471.32751578947375,473.6149345655108,476.9629519802852,481.37156803379696,487.8814520917679,479.1138863022942,471.48137740768004,479.0099708624709,479.79331060606063,475.1533712121212,468.0749545454546,463.50398589341694,444.65723589341695,436.0868961498272,432.7208140383902,429.0340219236949,423.6777005789909,419.4090339123242,414.200623655914,410.7619784946237,407.17772299027143,405.57660714285714,404.46658730158737,0.007934399669251043,0.021639271825230122
07-31,0.019751518563489136,0.0,0.7900607425395655,0.6122970754681633,471.5572313857976,483.6356378250625,487.2900487215885,499.5587781333532,499.82060631868137,517.3150116217116,526.7243068598069,536.1664458176232,570.3135791509566,576.3851743890518,576.638791144845,575.3514624092129,580.1836031716763,541.1328852229583,541.8071750780307,532.0672122297335,515.3329790606037,515.0721608787856,508.0913147249395,528.3811582032004,542.082973992674,591.2898692307692,590.2973237762238,630.0678878787879,643.0180556207233,677.5837625172751,683.385775017275,698.6695963338896,685.111116930514,664.368752649925,662.2606124200399,643.3512665867067,643.6505058761528,647.085465876153,637.7911985829809,628.2006364174534,632.1745704694015,636.6182346646185,637.0763946646185,638.7482707936508,639.751881904762,638.1734619298475,621.0382823410964,627.1920945388987,616.1489688109696,608.1638604800065,603.328404267117,614.5772517320136,616.8397772582041,607.175502835249,571.3152769881726,532.4737693553222,498.1506504347826,489.24801739130436,483.98302608695656,478.02060616600795,478.988762687747,481.0099174703557,481.58288814229246,484.2928363636363,0.019751518563489136,0.010773555580084982
08-11,0.0,0.0,0.9774034613536338,0.21081251127235237,449.8701023338221,446.36515027977833,450.88717577937825,444.6643216127116,436.81690225787287,429.7298180827887,423.61845156695165,426.90706267806274,427.50379601139605,435.73232934472935,463.360358974359,484.17060416666664,496.20648588709673,506.84079422043004,516.8539275537635,513.1618979241338,513.9814431827544,511.8798147956577,498.7016397956577,494.0600472030652,485.71058592360384,499.6611317364117,510.1079176187647,518.8478426187646,542.309082830405,565.6662913865546,564.3821199579832,569.963699789916,599.6881505474918,598.1645332314745,596.2248861726509,604.0582643239115,595.8039786096257,591.09840285205,601.2331433823529,613.9278061274509,629.7059950757575,637.9316361100521,638.7652924868369,647.0825888074229,620.6663984126984,603.1112682879213,582.890754002207,558.1335115779646,548.7675988795519,556.8358944460542,543.9818686473727,544.3122811473727,547.393258158867,544.6898371408046,544.706246336207,543.0763780172414,538.8987530172415,536.3922305512017,536.2401337121212,531.3660628787878,529.7926628787878,533.3146605639731,532.2698408564816,528.2587461419754,0.009582386876016017,0.012195765114929476
06-15,0.0,0.0,-0.37116483034292586,0.9279120758573146,988.255471491228,996.6322615131578,1083.1903546650717,1243.3275977728413,1414.6245162511018,1410.7608092009852,1343.8545791394665,1243.2055254342322,1189.4788809950655,1117.3152152115856,989.6847285676265,990.5304718781782,954.4431369188397,937.1354106299505,908.6038619251882,887.4439132911966,816.2282410263725,808.1404878351298,747.2006226768968,680.5923188405798,619.269753196931,585.123959079284,542.5301355498722,541.0932148337596,539.6850996224578,547.6701985994398,553.0263527170869,556.0314315406163,544.202140952381,529.7151000000001,503.2059000000001,478.97417043478265,465.9702474923145,464.1941311725956,473.6458214756259,491.4090311530452,504.2690311530452,514.6908140955134,524.1032286761019,522.6027201122021,512.1502862968516,506.01070424916577,495.8532725250278,481.5792425400203,472.6130065151756,474.4355693627841,470.8733112982679,468.24586532655337,465.2231313364056,460.0044884792627,448.0642211981567,447.45712442396314,444.45001100870456,439.00854116743477,433.4124983102919,429.13051854838716,421.9539083333333,416.77260277777776,414.04169791666664,412.87293055555557,0.020620268352384768,0.028118547753251958
07-22,0.0,0.0,0.8152978558330953,0.5785984783331645,470.82193558569566,472.7626638104839,478.8608207035595,507.2377904005292,515.6348029005292,505.9819196969697,507.57908333333336,504.80476404853124,497.5465901354878,494.88132013548784,507.9205097906603,520.0654087153914,529.0738868298696,535.367060742913,552.312751710655,571.4039936461388,602.5577613880744,632.4718219941349,663.2999129032257,687.5391419354839,677.5426857142857,697.8917948051948,680.8113857142857,661.7492948051947,638.5251114718615,638.2673040184453,600.3311092132506,609.424799689441,620.1834360530773,627.5557150385846,636.6042367777151,645.8768382814745,642.8932841689204,630.9424335195697,624.8408489785069,617.3277775499354,610.654545093795,607.8668716931217,611.968685978836,581.5213440984941,551.5454590053264,516.6041771212683,483.2537735785953,450.94049096989977,448.45279710144933,443.48658695652176,439.51104637681163,439.73960695652175,440.7411473429952,442.51566753623194,445.06316753623184,445.6759824242425,441.1406806060607,436.4529137373738,433.82201048951055,427.1836771561772,422.4826013986014,419.7187832167832,418.38461538461536,413.1,0.017533287222217104,0.01434541681817763
